{
	"class_name" : "PinholeCameraParameters",
	"extrinsic" : 
	[
		0.98779428638582656,
		-0.055015267827605921,
		0.14572497414435368,
		0.0,
		0.1040184065813101,
		0.92935561030215019,
		-0.35422919232073929,
		0.0,
		-0.11594230839430887,
		0.36506365185509071,
		0.92373476237414831,
		0.0,
		-0.096782725963772687,
		-0.30109477089026604,
		3.0104070509837637,
		1.0
	],
	"intrinsic" : 
	{
		"height" : 1055,
		"intrinsic_matrix" : 
		[
			913.65680099258282,
			0.0,
			0.0,
			0.0,
			913.65680099258282,
			0.0,
			959.5,
			527.0,
			1.0
		],
		"width" : 1920
	},
	"version_major" : 1,
	"version_minor" : 0
}