{
	"class_name" : "PinholeCameraParameters",
	"extrinsic" : 
	[
		0.98385299571333795,
		-0.06782900069405412,
		-0.1656276229701332,
		0.0,
		0.033636581079793421,
		0.97898966012376132,
		-0.20111644831794606,
		0.0,
		0.17578925803118081,
		0.19229787319574962,
		0.96546344556655195,
		0.0,
		0.54324343575316969,
		0.57974838715841004,
		3.1391525137371055,
		1.0
	],
	"intrinsic" : 
	{
		"height" : 1055,
		"intrinsic_matrix" : 
		[
			913.65680099258282,
			0.0,
			0.0,
			0.0,
			913.65680099258282,
			0.0,
			959.5,
			527.0,
			1.0
		],
		"width" : 1920
	},
	"version_major" : 1,
	"version_minor" : 0
}