{
	"class_name" : "PinholeCameraParameters",
	"extrinsic" : 
	[
		0.90097752475407811,
		-0.42162157648265886,
		-0.10234620721986873,
		0.0,
		0.31446631334276492,
		0.79712106967289198,
		-0.51546962864571821,
		0.0,
		0.29891543563460365,
		0.43224211563407616,
		0.85077395106547149,
		0.0,
		0.33754063196556294,
		-0.11113082242494254,
		3.3746611473049901,
		1.0
	],
	"intrinsic" : 
	{
		"height" : 1055,
		"intrinsic_matrix" : 
		[
			913.65680099258282,
			0.0,
			0.0,
			0.0,
			913.65680099258282,
			0.0,
			959.5,
			527.0,
			1.0
		],
		"width" : 1920
	},
	"version_major" : 1,
	"version_minor" : 0
}